{"56": 1.0819384712530975, "54": 1.086168776471957, "42": 1.0954390415896602, "48": 1.0935547202044835, "43": 1.0953893323960096, "49": 1.0927854781622386, "52": 1.0894296677301838, "53": 1.0879120648045761, "24": 1.0902108333674696, "25": 1.090520149464844, "26": 1.0908447115570432, "27": 1.0911832950032143, "20": 1.089131388274964, "21": 1.0893784073949766, "22": 1.0896401043679917, "23": 1.0899174412352501, "46": 1.0946527705194833, "47": 1.0941727338594405, "44": 1.0952491850717032, "45": 1.0950075349064621, "28": 1.0915341284919799, "29": 1.0918948940414392, "40": 1.0953086710734936, "41": 1.095408830692411, "1": 1.0819484073339058, "3": 1.0835969380943249, "2": 1.0828264068791522, "5": 1.084860443988688, "4": 1.0842713497606145, "7": 1.0858231552202355, "6": 1.0853744762186883, "9": 1.0865605552638302, "8": 1.0862156430924255, "51": 1.0907375699937716, "39": 1.0951479874316161, "38": 1.0949356577949632, "59": 1.0734693206923103, "58": 1.0765999407031959, "11": 1.0871393808659553, "10": 1.0868659604924984, "13": 1.087617622044716, "12": 1.0873877918012018, "15": 1.0880445220898394, "14": 1.0878347536724517, "17": 1.0884605775626737, "16": 1.0882517160317855, "19": 1.088897538296189, "18": 1.0886748020763628, "31": 1.092634216042218, "30": 1.0922627269991678, "37": 1.0946800135211958, "36": 1.0943888392974512, "35": 1.094069373140343, "34": 1.0937283063959611, "33": 1.0933717837398718, "55": 1.0841832713168107, "32": 1.0930054031771177, "57": 1.0794167515242548, "50": 1.0918512096698085}