{"42": 0.84475, "48": 0.85203, "43": 0.84763, "49": 0.855, "24": 0.8513, "25": 0.8557, "26": 0.8545, "27": 0.8545, "20": 0.86537, "21": 0.86537, "22": 0.8624, "23": 0.85995, "46": 0.85203, "47": 0.85203, "44": 0.85078, "45": 0.85198, "28": 0.8545, "29": 0.85476, "40": 0.84558, "41": 0.84558, "1": 0.8454, "3": 0.8391, "2": 0.8431, "5": 0.8481, "4": 0.84603, "7": 0.8481, "6": 0.8481, "9": 0.85399, "8": 0.84955, "39": 0.84558, "38": 0.8456, "11": 0.86038, "10": 0.85541, "13": 0.8605, "12": 0.8605, "15": 0.86677, "14": 0.8605, "17": 0.8664, "16": 0.8706, "19": 0.86537, "18": 0.86073, "31": 0.8405, "30": 0.8517, "37": 0.83968, "36": 0.83535, "35": 0.83643, "34": 0.8426, "33": 0.8426, "32": 0.8426}