{"42": 1.0233333333333332, "48": 1.0244666666666666, "43": 1.0234666666666665, "49": 1.0178, "24": 1.0266666666666666, "25": 1.0302, "26": 1.0278666666666667, "27": 1.0278666666666667, "20": 1.0404, "21": 1.0404, "22": 1.0403333333333333, "23": 1.0321333333333333, "46": 1.0244666666666666, "47": 1.0244666666666666, "44": 1.0293333333333334, "45": 1.0294666666666668, "28": 1.0278666666666667, "29": 1.0292000000000001, "40": 1.0199333333333334, "41": 1.0199333333333334, "1": 1.0363333333333333, "3": 1.0384666666666666, "2": 1.0331333333333335, "5": 1.0315333333333332, "4": 1.0319333333333334, "7": 1.0315333333333332, "6": 1.0315333333333332, "9": 1.0348, "8": 1.0365333333333333, "39": 1.0199333333333334, "38": 1.0105333333333333, "11": 1.026, "10": 1.0278666666666667, "13": 1.0331333333333335, "12": 1.0331333333333335, "15": 1.0332000000000001, "14": 1.0331333333333335, "17": 1.0397333333333334, "16": 1.0325333333333333, "19": 1.0404, "18": 1.0385333333333333, "31": 1.0238, "30": 1.0284666666666666, "37": 1.0036, "36": 1.0136666666666667, "35": 1.0168, "34": 1.0219333333333334, "33": 1.0219333333333334, "32": 1.0219333333333334}