{"56": 1.0709155197564386, "54": 1.0551395786830697, "42": 1.0178049201239743, "48": 1.0265792944986427, "43": 1.0182995350216608, "49": 1.0296920581178788, "52": 1.0427795982259722, "53": 1.0485606501329661, "24": 1.0317622506762638, "25": 1.0309719146108862, "26": 1.0301042612677345, "27": 1.0291677974776143, "20": 1.0340392672715377, "21": 1.0336095647809596, "22": 1.0330853696115618, "23": 1.032468447825279, "46": 1.0219422665861477, "47": 1.0240112243412647, "44": 1.0191277900053985, "45": 1.0203285253659129, "28": 1.0281727152635491, "29": 1.0271308918407809, "40": 1.0176696753849397, "41": 1.0176067902138306, "1": 1.0342283243166646, "3": 1.0333402720323532, "2": 1.0336882288416094, "5": 1.0331014492426429, "4": 1.0331542012986927, "7": 1.0332900575325221, "6": 1.0331551336584359, "9": 1.033711261562464, "8": 1.0334827090435694, "51": 1.0377424159414019, "39": 1.0179597909232287, "38": 1.018445037306843, "59": 1.1020105802594842, "58": 1.0905731814559214, "11": 1.0341971890684256, "10": 1.0339555736523087, "13": 1.0346069308618493, "12": 1.0344193367583536, "15": 1.0348265408296615, "14": 1.0347465707108878, "17": 1.0347690359342729, "16": 1.0348368109345805, "19": 1.034374396213579, "18": 1.0346165559295846, "31": 1.0249629561911884, "30": 1.0260558896167684, "37": 1.0190950002061459, "36": 1.0198809504837179, "35": 1.0207758441943575, "34": 1.0217543225850814, "33": 1.0227927120951237, "55": 1.0625720760891868, "32": 1.0238690243559361, "57": 1.0802289722821645, "50": 1.0333967814507876}