{"56": 1.1506642337224426, "54": 1.1405406391705279, "42": 1.1203825826272613, "48": 1.1237961557453189, "43": 1.1203649184744062, "49": 1.1254310091525748, "52": 1.1329355593449257, "53": 1.1364475064540909, "24": 1.1269803985343634, "25": 1.1270839986255439, "26": 1.1270875325794707, "27": 1.1269932616060589, "20": 1.1255773290679545, "21": 1.1260711106820704, "22": 1.1264721288818877, "23": 1.1267761058522752, "46": 1.1215848281581091, "47": 1.1225268373630541, "44": 1.1205380076708022, "45": 1.1209335370390745, "28": 1.1268050816714859, "29": 1.1265285234981894, "40": 1.1208715974715351, "41": 1.1205609480630048, "1": 1.1162181658614101, "3": 1.1150558361900793, "2": 1.1154874416442921, "5": 1.114950263590222, "4": 1.1148880113146695, "7": 1.1156383596641597, "6": 1.1152105243451578, "9": 1.1168831921143998, "8": 1.1162049703881716, "51": 1.1299583982140529, "39": 1.1212877482990125, "38": 1.1217842527478588, "59": 1.1714625068143809, "58": 1.1637102351577375, "11": 1.1184739847436362, "10": 1.1176474951963116, "13": 1.1202261174547488, "12": 1.1193404006223644, "15": 1.1219811262508033, "14": 1.1211121446193031, "17": 1.1236067032350519, "16": 1.1228173412402864, "19": 1.1249966966109328, "18": 1.1243367606386598, "31": 1.1257405691064903, "30": 1.1261707525648705, "37": 1.1223375977767573, "36": 1.1229259051006535, "35": 1.1235289311907539, "34": 1.1241280672745271, "33": 1.1247063393357029, "55": 1.1452629918794777, "32": 1.1252484081142728, "57": 1.1567956685971872, "50": 1.1274712581887547}